{
    "stocks": [
        "AAPL",
        "AMGN",
        "AXP",
        "CAT",
        "CRM",
        "CSCO",
        "CVX",
        "DIS",
        "GS",
        "HD",
        "HON",
        "IBM",
        "JNJ",
        "JPM",
        "KO",
        "MCD",
        "MMM",
        "MRK",
        "MSFT",
        "PG",
        "TRV",
        "UNH",
        "V",
        "VZ",
        "WMT"
    ],
    "weights": {
        "AAPL": 0.07789763394233298,
        "AMGN": 0.000899492399646103,
        "AXP": 0.014993363479675698,
        "CAT": 0.0034888578424105963,
        "CRM": 0.11183500189307459,
        "CSCO": 0.0540281711767645,
        "CVX": 0.02424830877811123,
        "DIS": 0.0891819145209799,
        "GS": 0.019332604850166815,
        "HD": 0.06714872735522552,
        "HON": 0.03122873711862952,
        "IBM": 0.06359001842791086,
        "JNJ": 0.004701561340789084,
        "JPM": 0.02956929227184033,
        "KO": 0.029224439134961366,
        "MCD": 0.04374583845976193,
        "MMM": 0.015291303856119704,
        "MRK": 0.004456640734569937,
        "MSFT": 0.012982900863174125,
        "PG": 0.0248774465686583,
        "TRV": 0.023747143075224585,
        "UNH": 0.005380783403171656,
        "V": 0.07056519513975414,
        "VZ": 0.06978162330925111,
        "WMT": 0.1078030000577954
    },
    "sharpe_ratio": 3.0640075923873846,
    "annual_return": 0.3575268181033901,
    "annual_volatility": 0.11668600919647712
}